{"metadata": {"video_name": "All About Lily Chou-Chou", "variance": 0.0627}, "data": [[0.6233161091804504, 0.013019884936511517, 0.7570253610610962], [0.1917896419763565, 0.09676922857761383, 0.6421841979026794], [0.6714961528778076, 0.034456416964530945, 0.5308560132980347], [0.7258241176605225, 0.6089829206466675, 0.33100661635398865], [0.9761950969696045, 0.6789700984954834, 0.36334988474845886], [0.18687096238136292, 0.49960821866989136, 0.4623904526233673], [0.32760077714920044, 0.4812323749065399, 0.08722490817308426], [0.3293347656726837, 0.06461450457572937, 0.4515133500099182], [0.9115038514137268, 0.7752293348312378, 0.04644007235765457], [0.8054884076118469, 0.8803948760032654, 0.012677299790084362], [0.8277001976966858, 0.43266040086746216, 0.3739062249660492], [0.09037905931472778, 0.50700843334198, 0.6706002950668335], [0.6897986531257629, 0.7438792586326599, 0.0], [0.8632616400718689, 0.45867225527763367, 0.14827625453472137], [0.6717717051506042, 0.26349547505378723, 0.12354136258363724], [0.46268123388290405, 0.2698487639427185, 0.15452955663204193], [0.38052845001220703, 0.5846764445304871, 0.5841720700263977], [0.5844532251358032, 0.1270427405834198, 0.7305647730827332], [0.4202646017074585, 0.0, 0.5169582366943359], [0.0, 0.5954822301864624, 0.3945673406124115], [0.7703446745872498, 0.8688026666641235, 0.132335364818573], [0.9059019088745117, 0.5841273069381714, 0.06606490910053253], [0.550115704536438, 0.7920153737068176, 0.37646642327308655], [0.9108863472938538, 0.7562423348426819, 0.5717567801475525], [0.5739920735359192, 0.6574774980545044, 0.25138330459594727], [0.44548702239990234, 0.4316461980342865, 0.32533809542655945], [0.2973642349243164, 0.7747911810874939, 0.21217434108257294], [0.48815932869911194, 0.6910586357116699, 0.7043269872665405], [0.4935033619403839, 0.5971977710723877, 0.05595407634973526], [0.6320603489875793, 1.0, 0.274962455034256], [0.2585471570491791, 0.7699854373931885, 0.5396218299865723], [1.0, 0.7686629295349121, 0.20737166702747345], [0.1785733550786972, 0.6861081719398499, 0.3725014626979828], [0.6885762810707092, 0.5191076397895813, 0.697738766670227], [0.7680544853210449, 0.8696580529212952, 0.6379361152648926], [0.45850032567977905, 0.08439455181360245, 0.26037654280662537], [0.6036890149116516, 0.18075548112392426, 0.40350452065467834], [0.3388812839984894, 0.20564861595630646, 0.4425048232078552], [0.13276873528957367, 0.2286243438720703, 0.37996554374694824], [0.4376395642757416, 0.3712675869464874, 0.8695136904716492], [0.30764198303222656, 0.22738300263881683, 0.7143343091011047], [0.40046095848083496, 0.06495850533246994, 0.8378456830978394], [0.7595868706703186, 0.3071286082267761, 0.8171541690826416], [0.6313661336898804, 0.1579199582338333, 0.9729743003845215], [0.5887640714645386, 0.24771910905838013, 1.0]]}