{"metadata": {"video_name": "Synecdoche New York", "variance": 0.064}, "data": [[0.6635280847549438, 0.978654146194458, 0.07384615391492844], [0.6933780312538147, 1.0, 0.08600126206874847], [0.7138174176216125, 0.948448657989502, 0.12210596352815628], [0.29333922266960144, 0.6582080125808716, 0.0239870585501194], [0.8755629658699036, 0.31647953391075134, 0.7804602384567261], [0.2670516073703766, 0.4787660837173462, 0.34733855724334717], [0.28854674100875854, 0.5242278575897217, 0.27549290657043457], [0.40586531162261963, 0.2662734389305115, 0.5813006162643433], [0.6517424583435059, 0.4067458212375641, 0.4955331087112427], [0.6177958846092224, 0.21191370487213135, 0.6656172275543213], [0.7357954382896423, 0.22749347984790802, 0.6819597482681274], [0.6882454752922058, 0.3496406376361847, 0.7045241594314575], [0.17004747688770294, 0.4637422561645508, 0.47419509291648865], [0.8027834892272949, 0.3040085434913635, 0.8540738224983215], [0.014672408811748028, 0.0348125584423542, 0.8889389634132385], [0.8102786540985107, 0.15617777407169342, 0.9125807881355286], [0.8073561191558838, 0.28703153133392334, 0.9602848291397095], [0.9322056174278259, 0.24207106232643127, 0.8736298680305481], [0.44377702474594116, 0.7891002893447876, 0.05020834505558014], [0.6913372874259949, 0.28682807087898254, 0.5957658290863037], [0.434617817401886, 0.7888543605804443, 0.1860198676586151], [0.3879309892654419, 0.8881109356880188, 0.1965542733669281], [0.09007830917835236, 0.19945308566093445, 0.9455803632736206], [0.45266538858413696, 0.18057850003242493, 0.6765180230140686], [0.6251879334449768, 0.57747483253479, 0.4305203855037689], [0.44204530119895935, 0.9010357856750488, 0.12789559364318848], [0.44769468903541565, 0.34099555015563965, 0.741227924823761], [0.9598124623298645, 0.18370622396469116, 0.9578598737716675], [0.1128794401884079, 0.18951112031936646, 0.7110821008682251], [0.7025361061096191, 0.262434184551239, 1.0], [0.05747935548424721, 0.13975195586681366, 0.9261108040809631], [0.2795272469520569, 0.3041365146636963, 0.829608142375946], [0.9501286745071411, 0.3117346465587616, 0.9203394651412964], [0.3493090271949768, 0.6004305481910706, 0.20000240206718445], [0.2599821984767914, 0.05002571642398834, 0.8810778856277466], [0.7663233280181885, 0.2743198275566101, 0.9050167798995972], [0.11632854491472244, 0.10113309323787689, 0.80389803647995], [0.5688316822052002, 0.47995129227638245, 0.4451271593570709], [0.05132405087351799, 0.21366742253303528, 0.8794841766357422], [0.6088036298751831, 0.3112005889415741, 0.8149177432060242], [0.20903639495372772, 0.32013607025146484, 0.6835822463035583], [0.7415285110473633, 0.15066955983638763, 0.8037447929382324], [0.5474463105201721, 0.5491666197776794, 0.5885615348815918], [0.772701621055603, 0.2155555784702301, 0.8011595606803894], [0.601675808429718, 0.6168515086174011, 0.4804455041885376], [0.4977812170982361, 0.339471697807312, 0.6014550924301147], [0.4847319722175598, 0.8229504823684692, 0.15619365870952606], [0.3318249583244324, 0.8324365019798279, 0.22014635801315308], [0.5896247625350952, 0.18482667207717896, 0.759979784488678], [0.4788312017917633, 0.7111850380897522, 0.3270668089389801], [0.3088584244251251, 0.3226047456264496, 0.8952152132987976], [0.7614588141441345, 0.21425583958625793, 0.9319224953651428], [0.8704027533531189, 0.23405475914478302, 0.9798261523246765], [0.2739727795124054, 0.28850656747817993, 0.7260782718658447], [0.5595821738243103, 0.9361026883125305, 0.1301775574684143], [0.5279735922813416, 0.5407482385635376, 0.4307759702205658], [0.4387405514717102, 0.5720361471176147, 0.3073367774486542], [0.26391422748565674, 0.0, 0.8349443674087524], [0.299642413854599, 0.815375030040741, 0.0], [0.27765539288520813, 0.772911548614502, 0.07176581025123596], [0.3857528567314148, 0.7264904975891113, 0.20278392732143402], [0.2280864417552948, 0.7753224968910217, 0.014697105623781681], [0.24489960074424744, 0.08698593080043793, 0.7717739939689636], [0.2053242176771164, 0.07205502688884735, 0.9775687456130981], [0.08910386264324188, 0.08213233947753906, 0.8407857418060303], [0.06822477281093597, 0.3236127495765686, 0.7826880216598511], [0.1760665774345398, 0.12045270949602127, 0.8992824554443359], [0.0, 0.20784138143062592, 0.7749266624450684], [0.1957797408103943, 0.6514222025871277, 0.10271381586790085], [0.5652759075164795, 0.4777410328388214, 0.5384725332260132], [0.2457137256860733, 0.13710561394691467, 0.7040600776672363], [1.0, 0.20872895419597626, 0.9576531648635864], [0.5083281397819519, 0.6392858028411865, 0.3791980445384979], [0.5022623538970947, 0.8399016857147217, 0.24437205493450165], [0.233560711145401, 0.7624565958976746, 0.1259898841381073], [0.28115469217300415, 0.6845092177391052, 0.07314497232437134], [0.19099271297454834, 0.03814451023936272, 0.8005934953689575], [0.662937343120575, 0.12444838881492615, 0.8479576706886292], [0.2027740776538849, 0.8214768171310425, 0.09569711238145828], [0.3914734721183777, 0.7702503800392151, 0.11883334815502167], [0.35059675574302673, 0.6986229419708252, 0.042152371257543564], [0.3178534209728241, 0.8671194911003113, 0.12123841047286987], [0.19115889072418213, 0.712359607219696, 0.05256590619683266]]}