{"metadata": {"video_name": "Werckmeister Harmonies", "variance": 0.0775}, "data": [[0.5354862213134766, 0.8424842357635498, 0.8256814479827881], [0.8183783888816833, 0.8250318169593811, 0.8563809394836426], [0.895458996295929, 0.6317728161811829, 0.9505019187927246], [0.2724896967411041, 0.45966631174087524, 0.9006761908531189], [0.760926365852356, 0.5348314642906189, 1.0], [0.5348089337348938, 1.0, 0.5436386466026306], [0.08190212398767471, 0.11313644796609879, 0.0], [1.0, 0.6075838804244995, 0.6804386973381042], [0.7171005606651306, 0.25786688923835754, 0.9075191617012024], [0.9319645762443542, 0.24871079623699188, 0.8218954801559448], [0.91440749168396, 0.3216550052165985, 0.823505699634552], [0.07832913100719452, 0.20561163127422333, 0.16450394690036774], [0.00602188054472208, 0.06595148891210556, 0.22951878607273102], [0.7828001976013184, 0.4204842448234558, 0.7331171631813049], [0.54092937707901, 0.434013694524765, 0.8156132102012634], [0.842215895652771, 0.7538155317306519, 0.5982467532157898], [0.28712502121925354, 0.5969312787055969, 0.4283556044101715], [0.67067950963974, 0.9235059022903442, 0.6349517703056335], [0.4028802216053009, 0.12705349922180176, 0.47122955322265625], [0.5156164765357971, 0.5646477341651917, 0.7799416184425354], [0.2942945063114166, 0.3052452504634857, 0.8334310054779053], [0.30530864000320435, 0.0, 0.2587378919124603], [0.0, 0.011758295819163322, 0.4099423289299011], [0.16891837120056152, 0.15434250235557556, 0.7232407927513123], [0.02298262156546116, 0.191782608628273, 0.6083332896232605], [0.43484726548194885, 0.1757003515958786, 0.605684757232666], [0.5668861269950867, 0.24553127586841583, 0.4255253076553345], [0.26954343914985657, 0.2185387909412384, 0.2119268774986267], [0.47424739599227905, 0.07627735286951065, 0.2587606906890869], [0.4766521751880646, 0.7805411219596863, 0.6310285329818726], [0.23681974411010742, 0.3869016468524933, 0.5396866202354431], [0.21688568592071533, 0.2638911306858063, 0.5713253617286682], [0.6123772859573364, 0.7092474699020386, 0.9185830354690552], [0.7976308465003967, 0.3390073776245117, 0.9739527106285095], [0.19620300829410553, 0.032398857176303864, 0.3305477797985077], [0.052061595022678375, 0.1400172859430313, 0.43178698420524597], [0.1266440898180008, 0.1999584138393402, 0.33536046743392944], [0.6815668344497681, 0.11940113455057144, 0.8320395946502686], [0.7605684995651245, 0.7259067296981812, 0.7167191505432129], [0.23165583610534668, 0.044714685529470444, 0.5912021994590759], [0.42827489972114563, 0.5310887694358826, 0.3284820020198822], [0.763299822807312, 0.4700232148170471, 0.42963480949401855], [0.9062512516975403, 0.36222466826438904, 0.5770813226699829], [0.4663706123828888, 0.22158709168434143, 0.858994722366333], [0.5253028273582458, 0.04112165793776512, 0.7017843723297119], [0.7064574360847473, 0.1636199802160263, 0.6563535928726196], [0.7362679839134216, 0.6535170674324036, 0.7718905806541443], [0.17907530069351196, 0.1008841022849083, 0.0881832018494606], [0.42355877161026, 0.24670924246311188, 0.1150934025645256], [0.7221429944038391, 0.6391334533691406, 0.3309401571750641], [0.6820175647735596, 0.7600789666175842, 0.5282139182090759], [0.5161863565444946, 0.9767971038818359, 0.5232676863670349]]}