{"metadata": {"video_name": "Bitconned", "variance": 0.0751}, "data": [[0.48962631821632385, 0.5460469126701355, 0.3340301215648651], [0.6900994777679443, 0.6684815287590027, 0.21868856251239777], [0.3997112512588501, 0.9669206738471985, 0.33691680431365967], [0.6223071813583374, 0.7262668013572693, 0.0], [0.2706838846206665, 0.42026305198669434, 1.0], [0.25924405455589294, 0.3271198570728302, 0.6922419667243958], [0.404985249042511, 0.28076010942459106, 0.8034177422523499], [0.34315475821495056, 0.44243088364601135, 0.3686104416847229], [0.8934761881828308, 0.6701603531837463, 0.2997194826602936], [0.8689001798629761, 0.4929972290992737, 0.5141318440437317], [0.9159712791442871, 0.6311607360839844, 0.2102038562297821], [0.08917029947042465, 0.48025965690612793, 0.48064693808555603], [0.7533627152442932, 0.8135417103767395, 0.572215735912323], [0.755557119846344, 1.0, 0.46280795335769653], [0.7400054931640625, 0.8651975989341736, 0.42739301919937134], [0.32493045926094055, 0.6997300982475281, 0.4243931174278259], [0.10480649769306183, 0.21767427027225494, 0.7097318768501282], [0.3338770270347595, 0.11566591262817383, 0.5704605579376221], [0.05380275100469589, 0.27591684460639954, 0.6555718183517456], [0.09928229451179504, 0.7807371020317078, 0.8426494002342224], [0.8840462565422058, 0.9428016543388367, 0.3239317238330841], [0.14847421646118164, 0.775424063205719, 0.1935146600008011], [0.2397010326385498, 0.6667885184288025, 0.14317408204078674], [0.4337259829044342, 0.8013346791267395, 0.11539539694786072], [0.1942710280418396, 0.39997661113739014, 0.26408424973487854], [0.38781630992889404, 0.38372620940208435, 0.5435930490493774], [0.5586247444152832, 0.3781655430793762, 0.39453181624412537], [0.8663683533668518, 0.613768458366394, 0.4273674786090851], [0.08254042267799377, 0.43008172512054443, 0.6663815975189209], [0.4435846209526062, 0.2516835033893585, 0.3390737771987915], [0.23830625414848328, 0.7870045900344849, 0.8035964369773865], [0.22094033658504486, 0.1781122237443924, 0.5597894787788391], [0.24669663608074188, 0.7496435046195984, 0.10808489471673965], [0.3510398864746094, 0.6547165513038635, 0.7419793605804443], [0.44460850954055786, 0.831390917301178, 0.5949568748474121], [0.3033677041530609, 0.9090590476989746, 0.6702200174331665], [0.3333422541618347, 0.997718095779419, 0.7381703853607178], [0.4003160297870636, 0.0, 0.6596565842628479], [0.5997076034545898, 0.009236308746039867, 0.47763592004776], [0.4871189594268799, 0.022122178226709366, 0.6070346832275391], [0.7976117134094238, 0.13038155436515808, 0.4119696021080017], [1.0, 0.4237656891345978, 0.23146556317806244], [0.9373605847358704, 0.36001288890838623, 0.17651638388633728], [0.3687637448310852, 0.7132004499435425, 0.034204646944999695], [0.9185876846313477, 0.24440893530845642, 0.35195401310920715], [0.6394982933998108, 0.8598830103874207, 0.2667362093925476], [0.7826821208000183, 0.8017221689224243, 0.33977797627449036], [0.37341436743736267, 0.551724374294281, 0.14972656965255737], [0.28420406579971313, 0.6543958187103271, 0.257671058177948], [0.5022090673446655, 0.5193364024162292, 0.6585450768470764], [0.4330574870109558, 0.6296852231025696, 0.4899917542934418], [0.045191433280706406, 0.6342601180076599, 0.5743976831436157], [0.5922342538833618, 0.7547232508659363, 0.47496843338012695], [0.13340339064598083, 0.8909183144569397, 0.7248817086219788], [0.6448227167129517, 0.8781108856201172, 0.5307422280311584], [0.24954211711883545, 0.7553382515907288, 0.5936977863311768], [0.7750017642974854, 0.3693907558917999, 0.4706239700317383], [0.612840473651886, 0.6862977743148804, 0.09614802896976471], [0.33654090762138367, 0.9162262082099915, 0.2446332424879074], [0.0, 0.7321372628211975, 0.8300644159317017], [0.7154207229614258, 0.7639816403388977, 0.12088353931903839], [0.13833418488502502, 0.3533216416835785, 0.8906709551811218], [0.3698766827583313, 0.5556382536888123, 0.9149175882339478], [0.07235557585954666, 0.46387672424316406, 0.9739171266555786], [0.23183022439479828, 0.6249760985374451, 0.9706292748451233], [0.17085711658000946, 0.567981481552124, 0.8841995000839233], [0.0571521520614624, 0.486889511346817, 0.8031769394874573], [0.01303787250071764, 0.6023774147033691, 0.8767608404159546], [0.043579455465078354, 0.6486988067626953, 0.9160562753677368], [0.2162345051765442, 0.6298593878746033, 0.8289750814437866]]}