{"metadata": {"video_name": "Dry Leaf", "variance": 0.0808}, "data": [[0.3916807174682617, 0.31348302960395813, 0.7528643608093262], [0.6335572600364685, 0.3519919514656067, 0.19330169260501862], [0.26902690529823303, 0.4502524733543396, 0.07159236073493958], [0.3958885669708252, 0.290367990732193, 0.1192849799990654], [0.35929983854293823, 0.4032842218875885, 0.0], [0.9174754619598389, 0.2651447355747223, 0.2452726513147354], [0.7029219269752502, 0.13073354959487915, 0.18980227410793304], [0.9971675872802734, 0.30112284421920776, 0.441433846950531], [0.7650852203369141, 0.06511580944061279, 0.2938639223575592], [0.4013696610927582, 0.11403557658195496, 0.372489869594574], [0.7857809066772461, 0.09914660453796387, 0.6578898429870605], [1.0, 0.06664778292179108, 0.5369002223014832], [0.7077487111091614, 0.0, 0.4374876916408539], [0.4989111125469208, 0.13640829920768738, 0.6070299744606018], [0.7598710060119629, 0.25692862272262573, 0.6318090558052063], [0.6130324602127075, 0.2972954213619232, 0.3735726475715637], [0.8754224181175232, 0.13114328682422638, 0.49188685417175293], [0.6718032956123352, 0.12609007954597473, 0.4060252010822296], [0.35507461428642273, 0.7452084422111511, 0.7981159090995789], [0.12527212500572205, 0.5937920212745667, 0.6798467636108398], [0.4121907353401184, 0.4620650112628937, 0.8825072050094604], [0.10062596201896667, 0.4885140359401703, 0.9029989838600159], [0.2037380188703537, 0.5524713397026062, 1.0], [0.09816203266382217, 0.7235016822814941, 0.9875950217247009], [0.25224971771240234, 0.6542831063270569, 0.9041860103607178], [0.1323268562555313, 0.870354175567627, 0.7690803408622742], [0.1995159536600113, 0.763086199760437, 0.6498558521270752], [0.03885180130600929, 0.9461467862129211, 0.5106996893882751], [0.11182721704244614, 1.0, 0.6689159274101257], [0.4264562726020813, 0.7277928590774536, 0.42839154601097107], [0.316299706697464, 0.9224637150764465, 0.5231613516807556], [0.03704003244638443, 0.8024027943611145, 0.5215107798576355], [0.5707847476005554, 0.667466402053833, 0.19912244379520416], [0.27813369035720825, 0.6295518279075623, 0.3073118031024933], [0.0005185253103263676, 0.9541168808937073, 0.38122421503067017], [0.24062670767307281, 0.7948371171951294, 0.21998755633831024], [0.0, 0.6362146139144897, 0.4666854739189148], [0.25911960005760193, 0.43298378586769104, 0.4407038390636444], [0.6275350451469421, 0.46541541814804077, 0.06456650793552399], [0.4065553843975067, 0.4169522225856781, 0.2567197382450104]]}