{"metadata": {"video_name": "Severance Season2", "variance": 0.0785}, "data": [[0.2702697813510895, 0.7502105832099915, 0.5325549244880676], [0.1069658026099205, 0.2926696836948395, 1.0], [0.9391213655471802, 1.0, 0.13654674589633942], [0.3365136384963989, 0.7267674207687378, 0.39148691296577454], [0.4376693069934845, 0.7305427193641663, 0.34339022636413574], [0.9435887336730957, 0.8434037566184998, 0.0], [0.22443102300167084, 0.4619517922401428, 0.7200122475624084], [0.2806555926799774, 0.6099032163619995, 0.36964359879493713], [0.09759632498025894, 0.15879666805267334, 0.9712904691696167], [0.07988852262496948, 0.20656709372997284, 0.5199058055877686], [0.16929902136325836, 0.2814122140407562, 0.43644195795059204], [0.06088673695921898, 0.06004144623875618, 0.8433552980422974], [0.16048727929592133, 0.3120458424091339, 0.5354737043380737], [0.10373044013977051, 0.034955453127622604, 0.910101592540741], [0.102012500166893, 0.29322192072868347, 0.7066125869750977], [1.0, 0.8771789073944092, 0.09662342816591263], [0.5542210340499878, 0.8993645906448364, 0.3841443955898285], [0.3903983235359192, 0.6258536577224731, 0.4241446554660797], [0.6095905900001526, 0.1591433733701706, 0.5712605714797974], [0.17490755021572113, 0.09623110294342041, 0.6236642599105835], [0.15431936085224152, 0.20255649089813232, 0.5843783617019653], [0.33869218826293945, 0.03182245045900345, 0.5871140360832214], [0.007086428347975016, 0.08766288310289383, 0.6222411394119263], [0.7900180816650391, 0.8030705451965332, 0.31895938515663147], [0.4256334602832794, 0.06933096796274185, 0.5438334345817566], [0.1942722648382187, 0.010969897732138634, 0.8345209360122681], [0.09872887283563614, 0.03187461197376251, 0.6406530141830444], [0.17399409413337708, 0.1106032133102417, 0.81730717420578], [0.8382535576820374, 0.9197651743888855, 0.12761370837688446], [0.39096832275390625, 0.7999453544616699, 0.5036713480949402], [0.33279484510421753, 0.7670317888259888, 0.58941251039505], [0.0, 0.2725265324115753, 0.9177848696708679], [0.4686996042728424, 0.8431494235992432, 0.5188834071159363], [0.26698341965675354, 0.7244360446929932, 0.649839460849762], [0.675106942653656, 0.24978776276111603, 0.5798662900924683], [0.5898483991622925, 0.19510072469711304, 0.6199862957000732], [0.6225407719612122, 0.45610567927360535, 0.5089414715766907], [0.45418503880500793, 0.08663720637559891, 0.515782356262207], [0.21248774230480194, 0.16658693552017212, 0.9109936356544495], [0.5177006125450134, 0.3527482748031616, 0.6781569719314575], [0.13979589939117432, 0.10719838738441467, 0.9497111439704895], [0.27930065989494324, 0.6079707741737366, 0.6533337831497192], [0.1791905164718628, 0.2876835763454437, 0.8332961201667786], [0.15348052978515625, 0.41478675603866577, 0.9034025073051453], [0.14402765035629272, 0.26718300580978394, 0.9641962051391602], [0.4240625500679016, 0.7699062824249268, 0.6431757807731628], [0.015537736937403679, 0.16101285815238953, 0.9036269187927246], [0.10261957347393036, 0.20148661732673645, 0.8835269808769226], [0.5507394075393677, 0.6547303199768066, 0.6338803768157959], [0.02692006528377533, 0.317579448223114, 0.8603103756904602], [0.5184946656227112, 0.7635736465454102, 0.5704496502876282], [0.9306328296661377, 0.9389206171035767, 0.08735021203756332], [0.2862233519554138, 0.8454104661941528, 0.6057476997375488], [0.09169473499059677, 0.15881285071372986, 0.7051774263381958], [0.183181494474411, 0.02686932682991028, 0.5268074870109558], [0.3953094184398651, 0.7002469897270203, 0.5900701880455017], [0.23177829384803772, 0.1671491414308548, 0.42706024646759033], [0.33407115936279297, 0.8416967391967773, 0.4769657552242279], [0.5477601289749146, 0.25722745060920715, 0.6442466378211975], [0.3866296410560608, 0.6632341742515564, 0.46257179975509644], [0.6305924654006958, 0.2914545238018036, 0.6218059062957764], [0.39669662714004517, 0.8420020341873169, 0.4105464220046997], [0.7281534671783447, 0.8003260493278503, 0.37613174319267273], [0.24105599522590637, 0.75086909532547, 0.4791294038295746], [0.2663044333457947, 0.23677633702754974, 0.7086942791938782], [0.24199768900871277, 0.5744085907936096, 0.43547236919403076], [0.14540135860443115, 0.43833673000335693, 0.9077906608581543], [0.1734738051891327, 0.3646785020828247, 0.7168107032775879], [0.9977160096168518, 0.842584490776062, 0.05172858387231827], [0.10111289471387863, 0.017533933743834496, 0.7844617962837219], [0.8691741228103638, 0.8767482042312622, 0.10765381157398224], [0.41625574231147766, 0.3887350261211395, 0.29863181710243225], [0.4391045868396759, 0.10593467950820923, 0.5026978850364685], [0.1860141158103943, 0.0, 0.6580963730812073], [0.26784953474998474, 0.1415996104478836, 0.5012868642807007], [0.3142579197883606, 0.06540022045373917, 0.4759611487388611], [0.21261514723300934, 0.07326668500900269, 0.4683970510959625], [0.23320280015468597, 0.10469263046979904, 0.6320750713348389], [0.9101688265800476, 0.8320457339286804, 0.17605218291282654], [0.8500447273254395, 0.9056292176246643, 0.1903172731399536], [0.8442833423614502, 0.9292498826980591, 0.04954810440540314], [0.9040547609329224, 0.8083086609840393, 0.09916447103023529], [0.8560119271278381, 0.8430200815200806, 0.04894135519862175], [0.8656216263771057, 0.9408936500549316, 0.13310402631759644]]}